Age,Income,Debt,PaymentHistory,CreditScore,Creditworthy
22,35000,18000,65,580,0
25,45000,12000,75,620,0
28,60000,10000,85,680,1
30,75000,15000,90,720,1
35,90000,20000,92,750,1
40,50000,25000,60,590,0
42,85000,10000,95,780,1
45,70000,30000,70,640,0
29,55000,8000,88,700,1
33,65000,12000,82,690,1
38,48000,22000,68,610,0
50,100000,15000,96,800,1
27,40000,18000,72,600,0
31,80000,9000,91,740,1
36,72000,16000,87,710,1
44,58000,28000,62,600,0
26,52000,7000,86,690,1
39,95000,12000,94,770,1
48,68000,25000,74,650,0
34,62000,11000,89,705,1